category,no.,model sentence
性別平等 Gender Equality,1-1,"Gender equality is when people of all genders have equal rights, responsibilities and opportunities."
性別平等 Gender Equality,1-2,"Gender equality is not only a fundamental human right, but a necessary foundation for a peaceful, prosperous and sustainable world."
性別平等 Gender Equality,1-3,"There has been progress over the last decades: More girls are going to school, fewer girls are forced into early marriage, more women are serving in parliament and positions of leadership, and laws are being reformed to advance gender equality."
性別平等 Gender Equality,1-4,"Despite these gains, many challenges remain: discriminatory laws and social norms remain pervasive, women continue to be underrepresented at all levels of political leadership, and 1 in 5 women and girls between the ages of 15 and 49 report experiencing physical or sexual violence by an intimate partner within a 12-month period."
性別平等 Gender Equality,1-5,"In 2017, a study conducted by the World Economic Forum (WEF) found that women have only 68 percent of the rights, opportunities and access to resources enjoyed by the world’s men."
性別平等 Gender Equality,1-6,"In 18 countries, husbands can legally prevent their wives from working; in 39 countries, daughters and sons do not have equal inheritance rights; and 49 countries lack laws protecting women from domestic violence."
性別平等 Gender Equality,1-7,"While women have made important inroads into political office across the world, their representation in national parliaments at 23.7 percent is still far from parity."
性別平等 Gender Equality,1-8,Pushing for equal wages for the same positions at work and sharing household chores at home can help promote gender equality.
性別平等 Gender Equality,1-9,"Household chores and children’s care are every adult’s responsibility, but still done mainly by women in much of the world. The overload of household chores can increase women’s chances of mental illnesses, besides depressing their productivity at work, consequently affecting their salaries."
性別平等 Gender Equality,1-10,Get some help and support if you know a friend or acquaintance is suffering from domestic violence or other abuse.
性別平等 Gender Equality,1-11,"Those responsible for children and teens need support in every society. Offering the bus seat to a pregnant woman, advocating the installation of children’s changing rooms in all bathrooms in shopping centers (not only in the women’s facilities) and asking that companies guarantee maternity and paternity leave are all necessary actions."
性別平等 Gender Equality,1-12,"Value, stimulate and hire diverse teams. Research showed that the more diverse the workforce is, the better the company’s performance on measures related to innovation is."
性別平等 Gender Equality,1-13,"It is important to observe and support companies that pay the same salary, benefits and bonuses to employees with equivalent positions."
性別平等 Gender Equality,1-14,"Employees must have a safe channel to report bullying, sexual harassment and racism without being exposed or dismissed."
人權 Human Rights,2-1,"Human rights are rights inherent to all human beings, regardless of race, sex, nationality, ethnicity, language, religion, or any other status."
人權 Human Rights,2-2,"Human rights include the right to life and liberty, freedom from slavery and torture, freedom of opinion and expression, the right to work and education, and many more."
人權 Human Rights,2-3,Human rights cover virtually every area of human activity.
人權 Human Rights,2-4,"They include civil and political rights, which refer to a person’s rights to take part in the civil and political life of their community without discrimination or oppression. These include rights and freedoms such as the right to vote, the right to privacy, freedom of speech and freedom from torture."
人權 Human Rights,2-5,"They also include economic, social and cultural rights, which relate to a person’s rights to prosper and grow and to take part in social and cultural activities. This group includes rights such as the right to health, the right to education and the right to work."
人權 Human Rights,2-6,"Everyone is entitled to these rights, without discrimination."
人權 Human Rights,2-7,Every person has dignity and value. One of the ways that we recognise the fundamental worth of every person is by acknowledging and respecting their human rights.
人權 Human Rights,2-8,Governments have a particular responsibility to ensure that people are able to enjoy their rights. They are required to establish and maintain laws and services that enable people to enjoy a life in which their rights are respected and protected.
環保 Environmental Protection,3-1,An environment is the natural surrounding or habitat which helps in existence or survival of life on planet earth.
環保 Environmental Protection,3-2,"The environment provides us with lots of natural resources like water, minerals, and natural vegetation which help in sustaining the life of humans, plants, and animals."
環保 Environmental Protection,3-3,We have to protect and conserve natural resources as they are essential for providing a greener and cleaner environment to living creatures.
環保 Environmental Protection,3-4,Protecting the environment is everyone's responsibility.
環保 Environmental Protection,3-5,"We are using up our natural resources and at the same time polluting our environment with dangerous chemicals. If we continue to do this, life on earth cannot survive."
環保 Environmental Protection,3-6,"Governments of many countries have established laws to protect the air, forests and sea resources and to stop environmental pollution."
環保 Environmental Protection,3-7,We have to limit the consumption of natural resources and should try to be dependent on renewable resources if we want to save the earth.
環保 Environmental Protection,3-8,We should stop using plastic or poly bags and be dependent on more eco-friendly products to save the environment.
環保 Environmental Protection,3-9,"We should conserve clean water by changing our habits in daily routine like putting a limitation on the use of water in cooking, bathing, cleaning, etc."
環保 Environmental Protection,3-10,We should use public transport like buses and metros or carpooling rather than self-driving for conserving oil.
環保 Environmental Protection,3-11,"The three R’s of waste management ‘Reduce, Reuse and Recycle’ conserve natural resources, eliminate waste and protect the environment."
環保 Environmental Protection,3-12,"As an ordinary citizen, we can form a group of volunteers to promote the concept of Reduce, Reuse and Recycle in society."
環保 Environmental Protection,3-13,"Government, as well as common people and NGOs, must join hands to save the environment."
環保 Environmental Protection,3-14,"Alternative resources like hydropower, solar power must be used instead of fossil fuel."
環保 Environmental Protection,3-15,Always buy recycled products for your houses and offices and never use plastic or polythene.
環保 Environmental Protection,3-16,Driving less and walking or cycling more will also help save the environment and revive it.
環保 Environmental Protection,3-17,Using organic fertilizers and saying no to chemical fertilizers and pesticides will save the environment.
環保 Environmental Protection,3-18,"Planting more trees and standing against deforestation, will also help save the environment."
環保 Environmental Protection,3-19,We have to save the environment for us as well as for future generations.
環保 Environmental Protection,3-20,"If everyone could make some contributions to environmental protection, our home will become much more beautiful."
海洋 Ocean,4-1,"The ocean, covering more than 70% of the Earth's surface, plays a crucial role in regulating the planet's climate and weather patterns."
海洋 Ocean,4-2,"Ocean resources, such as fish and marine plants, provide a significant source of food for millions of people worldwide."
海洋 Ocean,4-3,Sustainable fishing practices are essential to ensure the long-term availability of ocean resources and maintain the delicate marine ecosystem.
海洋 Ocean,4-4,"The ocean's biodiversity is incredibly diverse and contains countless species yet to be discovered, making it a treasure trove of potential scientific knowledge."
海洋 Ocean,4-5,"Coral reefs, often referred to as the ""rainforests of the sea,"" are vital habitats for numerous marine species and contribute significantly to coastal protection."
海洋 Ocean,4-6,"Oceans act as the Earth's largest carbon sink, absorbing and storing vast amounts of carbon dioxide, helping to mitigate the impacts of climate change."
海洋 Ocean,4-7,"Maintaining a healthy ocean ecosystem is crucial for supporting not just marine life, but also terrestrial life that depends on the ocean for survival."
海洋 Ocean,4-8,"Ocean currents play a pivotal role in distributing heat around the globe, influencing weather patterns and climate systems."
海洋 Ocean,4-9,"Plastic pollution poses a severe threat to marine life, with millions of tons of plastic waste entering the ocean each year."
海洋 Ocean,4-10,Initiatives aimed at reducing single-use plastic and promoting recycling are vital to preserving the health and cleanliness of our oceans.
海洋 Ocean,4-11,"Overfishing is depleting fish populations and disrupting the balance of marine ecosystems, emphasizing the need for sustainable fishing practices and fishery management."
海洋 Ocean,4-12,"The ocean is a vast reservoir of potential renewable energy sources, such as wave and tidal power, which could contribute to a cleaner and more sustainable future."
海洋 Ocean,4-13,Marine protected areas (MPAs) are essential for safeguarding marine biodiversity and preserving critical habitats from human impacts.
海洋 Ocean,4-14,"Sea level rise, a consequence of global warming, is putting coastal communities and valuable ecosystems at risk, necessitating urgent action to combat climate change."
海洋 Ocean,4-15,"The ocean provides immense recreational opportunities, including swimming, surfing, and scuba diving, which contribute to local economies through tourism."
海洋 Ocean,4-16,"Mangrove forests, found along many coastlines, play a crucial role in protecting shorelines from erosion, acting as a natural buffer against storms and tsunamis."
海洋 Ocean,4-17,"Ocean exploration and research are essential to deepen our understanding of marine ecosystems and uncover potential medical, technological, and scientific breakthroughs."
海洋 Ocean,4-18,"Climate change and rising sea temperatures are causing coral bleaching events, threatening the survival of coral reefs and the myriad of species that depend on them."
海洋 Ocean,4-19,"Coastal development and pollution are contributing to the degradation of ocean habitats, making it imperative to strike a balance between human needs and environmental preservation."
海洋 Ocean,4-20,Sustainable aquaculture practices offer a potential solution to meet the increasing global demand for seafood while minimizing negative impacts on wild fish populations.
海洋 Ocean,4-21,"The ocean's immense potential for renewable energy, such as offshore wind farms, presents an opportunity to transition to a more sustainable energy future."
海洋 Ocean,4-22,"International collaboration is crucial for addressing global ocean challenges, as issues like marine pollution and overfishing transcend national borders."
海洋 Ocean,4-23,Ocean literacy and education play a pivotal role in inspiring the next generation to become stewards of the sea and advocate for its preservation.
海洋 Ocean,4-24,"By understanding the significance of the ocean in our lives, we can foster a sense of responsibility and urgency to protect this invaluable resource for generations to come."
能源 Energy,5-1,"Energy is the driving force behind all natural processes and the foundation of human activities, powering our societies and economies."
能源 Energy,5-2,The transition to clean and renewable energy sources is critical to mitigate climate change and reduce our reliance on fossil fuels.
能源 Energy,5-3,"Renewable energy, such as solar, wind, hydro, and geothermal, provides sustainable alternatives to traditional fossil fuels."
能源 Energy,5-4,Energy efficiency measures are essential to optimize energy usage and reduce wastage in both residential and industrial settings.
能源 Energy,5-5,The increasing global demand for energy necessitates innovative technologies and solutions to meet our energy needs sustainably.
能源 Energy,5-6,Smart grid systems and energy storage technologies are crucial for balancing energy supply and demand in an ever-changing energy landscape.
能源 Energy,5-7,Energy conservation plays a vital role in reducing our ecological footprint and preserving natural resources for future generations.
能源 Energy,5-8,"The global energy transition presents both challenges and opportunities, with the potential to revolutionize how we generate and consume energy."
能源 Energy,5-9,Access to affordable and reliable energy is a fundamental human right and is essential for social and economic development.
能源 Energy,5-10,"Investments in renewable energy infrastructure can create jobs, stimulate economic growth, and foster sustainable development."
能源 Energy,5-11,Harnessing the potential of decentralized energy systems empowers communities and promotes energy resilience.
能源 Energy,5-12,Energy policies and regulations play a central role in shaping the future of our energy mix and guiding sustainable energy practices.
能源 Energy,5-13,"Clean energy technologies have become more cost-effective and competitive, making them increasingly viable alternatives to conventional energy sources."
能源 Energy,5-14,Developing countries face unique challenges in balancing energy needs while striving for sustainable development and energy equity.
能源 Energy,5-15,Energy education and awareness are crucial to promote responsible energy consumption and inspire individuals to adopt greener lifestyles.
能源 Energy,5-16,"Fossil fuels, while historically dominant energy sources, come with environmental consequences, necessitating a shift towards cleaner alternatives."
能源 Energy,5-17,"Sustainable development goals include ensuring access to affordable, reliable, sustainable, and modern energy for all."
能源 Energy,5-18,Energy innovation and research are essential to drive technological advancements and unlock the full potential of renewable energy sources.
能源 Energy,5-19,"Governments, businesses, and individuals must collaborate to address energy-related challenges and facilitate the global energy transition."
能源 Energy,5-20,"As the world's population continues to grow, finding sustainable solutions to meet rising energy demands becomes increasingly urgent."
資訊&科技 Info & Tech,6-1,"Technology has transformed every aspect of our lives, from communication and transportation to healthcare and education."
資訊&科技 Info & Tech,6-2,"Advancements in technology have revolutionized industries, leading to increased productivity and efficiency."
資訊&科技 Info & Tech,6-3,Embracing digital technology is essential for businesses to stay competitive in the modern global market.
資訊&科技 Info & Tech,6-4,The rapid pace of technological innovation poses both challenges and opportunities for societies worldwide.
資訊&科技 Info & Tech,6-5,"Technology has enabled greater connectivity and collaboration, breaking down barriers and fostering a more interconnected world."
資訊&科技 Info & Tech,6-6,The integration of artificial intelligence (AI) in various fields is reshaping industries and driving automation to new heights.
資訊&科技 Info & Tech,6-7,Cybersecurity measures are crucial to protect sensitive information and systems from growing cyber threats.
資訊&科技 Info & Tech,6-8,Technology education plays a pivotal role in preparing the workforce for jobs in an increasingly digital and automated world.
資訊&科技 Info & Tech,6-9,Bridging the digital divide is vital to ensure equal access to technology and opportunities for all members of society.
資訊&科技 Info & Tech,6-10,"The rise of the Internet of Things (IoT) has connected devices, allowing for seamless data exchange and smarter decision-making."
資訊&科技 Info & Tech,6-11,"Virtual reality (VR) and augmented reality (AR) technologies are transforming how we learn, entertain, and interact with the world."
資訊&科技 Info & Tech,6-12,"Technology can enhance personalized learning experiences, catering to individual students' needs and abilities."
資訊&科技 Info & Tech,6-13,"Ethical considerations are paramount as technology continues to advance, ensuring responsible and accountable use."
資訊&科技 Info & Tech,6-14,"Technology has played a critical role in disaster response and recovery efforts, aiding in communication and resource allocation."
資訊&科技 Info & Tech,6-15,"Blockchain technology has the potential to revolutionize industries by providing secure, transparent, and decentralized systems."
資訊&科技 Info & Tech,6-16,"The Internet has democratized access to information and knowledge, empowering individuals across the globe."
資訊&科技 Info & Tech,6-17,Embracing renewable energy technologies is crucial for a sustainable future and combating climate change.
資訊&科技 Info & Tech,6-18,"Technology enables remote work and telecommuting, providing greater work-life flexibility for employees."
資訊&科技 Info & Tech,6-19,"Artificial intelligence and machine learning are transforming data analysis, enabling data-driven decision-making in various sectors."
資訊&科技 Info & Tech,6-20,Ensuring equitable access to technology education is essential to bridge the digital skills gap and promote inclusivity.
資訊&科技 Info & Tech,6-21,"Technology empowers individuals to be more independent, enhancing the quality of life for people with disabilities."
資訊&科技 Info & Tech,6-22,"Privacy concerns arise as technology collects vast amounts of personal data, prompting the need for robust data protection measures."
資訊&科技 Info & Tech,6-23,Developing critical thinking and digital literacy skills is vital to navigate the vast amount of information available through technology.
資訊&科技 Info & Tech,6-24,"Technology has brought about significant improvements in healthcare, from telemedicine to medical imaging advancements."
資訊&科技 Info & Tech,6-25,Fostering a culture of innovation and creativity is essential to drive technological progress and address global challenges.
家庭教育 Family Education,7-1,"Family education is the foundation of a child's development, providing the first and most influential learning environment."
家庭教育 Family Education,7-2,"The quality of family education significantly impacts a child's social, emotional, and cognitive development during their formative years."
家庭教育 Family Education,7-3,"Parents play a vital role in nurturing their children's curiosity, creativity, and love for learning through family education."
家庭教育 Family Education,7-4,"Family education goes beyond formal schooling, instilling essential values, morals, and life skills that shape a person's character."
家庭教育 Family Education,7-5,"Effective family education fosters open communication and a strong bond within the family, promoting a supportive and loving environment."
家庭教育 Family Education,7-6,Parental involvement in a child's education positively correlates with academic achievement and overall well-being.
家庭教育 Family Education,7-7,Family education plays a critical role in transmitting cultural values and traditions from one generation to the next.
家庭教育 Family Education,7-8,"As children's first role models, parents' attitudes toward education influence their children's attitudes and motivation to learn."
家庭教育 Family Education,7-9,Encouraging a growth mindset in family education can empower children to embrace challenges and view failures as opportunities to learn and grow.
家庭教育 Family Education,7-10,"Family education helps create a safe space for children to express themselves, fostering emotional intelligence and resilience."
家庭教育 Family Education,7-11,Strong family relationships established through education can act as a protective factor against social issues such as substance abuse and delinquency.
家庭教育 Family Education,7-12,Balancing discipline and nurturing in family education is essential for raising responsible and compassionate individuals.
家庭教育 Family Education,7-13,Family education plays a crucial role in promoting gender equality and challenging stereotypes within the household.
家庭教育 Family Education,7-14,Parents who actively engage in their child's education are more likely to build a strong support network with teachers and schools.
家庭教育 Family Education,7-15,"Through family education, parents can encourage a love for reading and lifelong learning, laying the foundation for continuous personal growth."
家庭教育 Family Education,7-16,Family education that embraces diversity and inclusivity helps children develop empathy and respect for people from different backgrounds.
家庭教育 Family Education,7-17,Parental involvement in early childhood education sets the stage for better academic performance and social skills in later years.
家庭教育 Family Education,7-18,"The quality of family education has far-reaching effects, influencing not only individual success but also societal progress and well-being."
家庭教育 Family Education,7-19,Open communication and positive reinforcement in family education can build a child's self-esteem and self-confidence.
家庭教育 Family Education,7-20,"Family education can serve as a source of emotional support during challenging times, helping children navigate life's ups and downs."
家庭教育 Family Education,7-21,Teaching financial literacy and responsible money management in family education can foster financial security and independence in adulthood.
家庭教育 Family Education,7-22,"Family education is an ongoing process that continues to shape individuals throughout their lives, even after they leave the family home."
家庭教育 Family Education,7-23,Celebrating achievements and milestones in family education strengthens the parent-child bond and reinforces positive behavior.
家庭教育 Family Education,7-24,"A collaborative approach to family education involves active listening and respecting children's opinions, fostering a sense of empowerment."
家庭教育 Family Education,7-25,Promoting a culture of lifelong learning within the family encourages intellectual curiosity and a quest for knowledge throughout life.
生涯規劃 Career Planning,8-1,Career planning is a proactive process of setting goals and creating a roadmap for achieving professional success and fulfillment.
生涯規劃 Career Planning,8-2,Developing a well-thought-out career plan is crucial for individuals to make informed decisions and navigate their career path effectively.
生涯規劃 Career Planning,8-3,"Self-assessment is a fundamental step in career planning, involving evaluating one's strengths, interests, values, and skills."
生涯規劃 Career Planning,8-4,"A clear career vision helps individuals stay focused and motivated, guiding their efforts towards achieving their desired professional outcomes."
生涯規劃 Career Planning,8-5,"Continuous learning and skill development are essential components of effective career planning, as the job market evolves rapidly."
生涯規劃 Career Planning,8-6,"Networking and building professional connections play a significant role in career planning, opening doors to new opportunities."
生涯規劃 Career Planning,8-7,A flexible career plan allows individuals to adapt to unexpected changes and take advantage of emerging opportunities.
生涯規劃 Career Planning,8-8,Long-term and short-term career goals should align to create a cohesive career trajectory in the planning process.
生涯規劃 Career Planning,8-9,Seeking advice and guidance from mentors or career counselors can provide valuable insights and support in career planning.
生涯規劃 Career Planning,8-10,Researching industries and job markets can help individuals make informed decisions about potential career paths.
生涯規劃 Career Planning,8-11,Setting realistic and achievable milestones in a career plan allows for measurable progress and keeps individuals on track.
生涯規劃 Career Planning,8-12,Considering work-life balance and personal values is important in career planning to ensure job satisfaction and well-being.
生涯規劃 Career Planning,8-13,Developing a personal brand and online presence can enhance visibility and attract relevant opportunities in career planning.
生涯規劃 Career Planning,8-14,Career planning involves evaluating various career options and identifying potential obstacles to overcome.
生涯規劃 Career Planning,8-15,"A comprehensive assessment of financial implications is essential in career planning, especially when transitioning between fields or pursuing advanced education."
生涯規劃 Career Planning,8-16,Embracing continuous career development allows individuals to stay relevant and agile in a dynamic job market.
生涯規劃 Career Planning,8-17,Revisiting and updating a career plan periodically ensures that it remains aligned with evolving personal and professional aspirations.
生涯規劃 Career Planning,8-18,"Mentoring and guiding others can be a rewarding aspect of career planning, creating a sense of fulfillment and legacy."
生涯規劃 Career Planning,8-19,"Career planning is not limited to traditional paths; it can encompass entrepreneurship and freelancing, offering unique opportunities for personal growth."
生涯規劃 Career Planning,8-20,Balancing short-term career goals with long-term aspirations ensures a holistic approach to career planning.
生涯規劃 Career Planning,8-21,"Emphasizing the importance of soft skills, such as communication and leadership, in a career plan enhances professional effectiveness."
生涯規劃 Career Planning,8-22,Diversifying skill sets and exploring interdisciplinary opportunities can lead to exciting and unconventional career paths.
生涯規劃 Career Planning,8-23,Building resilience and adaptability in career planning prepares individuals to navigate challenges and setbacks with determination.
生涯規劃 Career Planning,8-24,Embracing a growth mindset in career planning allows individuals to view setbacks as learning experiences and opportunities for improvement.
生涯規劃 Career Planning,8-25,"Effective career planning is an ongoing process, empowering individuals to take charge of their professional journey and create a meaningful and fulfilling career."
原住民族教育 Indigenous Education,9-1,"Indigenous education refers to a culturally sensitive and inclusive approach to learning that respects and integrates indigenous knowledge, languages, and traditions."
原住民族教育 Indigenous Education,9-2,Recognizing and preserving indigenous languages in education is crucial for maintaining cultural identity and fostering intergenerational knowledge transfer.
原住民族教育 Indigenous Education,9-3,"Indigenous education promotes a holistic approach to learning, encompassing not only academic knowledge but also spiritual, cultural, and environmental aspects."
原住民族教育 Indigenous Education,9-4,"Inclusive and culturally responsive curricula are essential in indigenous education, reflecting the unique histories and perspectives of indigenous communities."
原住民族教育 Indigenous Education,9-5,Culturally appropriate teaching methods and materials are necessary to engage and empower indigenous learners in the education system.
原住民族教育 Indigenous Education,9-6,"Indigenous elders and community members play a vital role in indigenous education, serving as knowledge keepers and cultural guides for the younger generations."
原住民族教育 Indigenous Education,9-7,"Land-based education, which connects learning to the natural environment, is a significant component of indigenous education, instilling a deep appreciation for nature."
原住民族教育 Indigenous Education,9-8,Indigenous education seeks to dismantle systemic barriers and address historical injustices that have marginalized indigenous peoples in the education system.
原住民族教育 Indigenous Education,9-9,Collaborative partnerships between indigenous communities and educational institutions are essential for co-designing culturally relevant and effective education programs.
原住民族教育 Indigenous Education,9-10,"Traditional storytelling and oral history are integral to indigenous education, passing down wisdom, values, and cultural heritage through generations."
原住民族教育 Indigenous Education,9-11,Indigenous education emphasizes the importance of community involvement and collective responsibility for the education of its members.
原住民族教育 Indigenous Education,9-12,"Indigenous education fosters a sense of pride and resilience among indigenous students, empowering them to succeed academically and culturally."
原住民族教育 Indigenous Education,9-13,"Incorporating indigenous perspectives into the broader education system enriches the learning experience for all students, promoting cross-cultural understanding."
原住民族教育 Indigenous Education,9-14,"Indigenous education acknowledges and challenges stereotypes, promoting accurate representations of indigenous cultures and contributions."
原住民族教育 Indigenous Education,9-15,Bridging the digital divide is crucial in indigenous education to ensure equal access to technology and online learning resources.
原住民族教育 Indigenous Education,9-16,Culturally relevant assessment methods are necessary in indigenous education to fairly evaluate student progress and achievements.
原住民族教育 Indigenous Education,9-17,Indigenous education honors diverse learning styles and recognizes the significance of experiential and hands-on learning.
原住民族教育 Indigenous Education,9-18,Empowering indigenous youth through education is vital for strengthening indigenous communities and preserving their unique identities.
原住民族教育 Indigenous Education,9-19,Recognizing and addressing the historical trauma experienced by indigenous communities is a crucial aspect of trauma-informed indigenous education.
原住民族教育 Indigenous Education,9-20,Indigenous-led education initiatives and self-determination are essential for achieving meaningful and sustainable progress in indigenous education.
原住民族教育 Indigenous Education,9-21,"Indigenous education advocates for the inclusion of indigenous perspectives in research, contributing to a more comprehensive and accurate body of knowledge."
原住民族教育 Indigenous Education,9-22,Respecting indigenous cultural protocols and traditional practices in educational settings demonstrates a commitment to indigenous rights and reconciliation.
原住民族教育 Indigenous Education,9-23,Supporting indigenous educators and ensuring representation in the teaching profession is essential for enhancing indigenous education.
原住民族教育 Indigenous Education,9-24,"Indigenous education promotes intercultural dialogue and cooperation, fostering mutual respect and understanding between indigenous and non-indigenous communities."
原住民族教育 Indigenous Education,9-25,"By prioritizing indigenous education, societies can contribute to a more equitable and just world, where indigenous knowledge and contributions are recognized and celebrated."
多元文化 Multiculturalism,10-1,"Multiculturalism refers to the coexistence of diverse cultural, ethnic, and religious groups within a single society."
多元文化 Multiculturalism,10-2,"Embracing multiculturalism promotes respect, understanding, and appreciation for different cultural backgrounds and traditions."
多元文化 Multiculturalism,10-3,"Multicultural societies benefit from a rich tapestry of ideas, perspectives, and experiences, fostering creativity and innovation."
多元文化 Multiculturalism,10-4,Cultural diversity enhances social cohesion by creating opportunities for cross-cultural interactions and meaningful connections.
多元文化 Multiculturalism,10-5,"Multiculturalism challenges stereotypes and prejudices, promoting tolerance and empathy among individuals from different cultural backgrounds."
多元文化 Multiculturalism,10-6,"Multicultural education plays a crucial role in raising awareness about diverse cultures and histories, fostering a more inclusive and equitable society."
多元文化 Multiculturalism,10-7,"Multiculturalism celebrates the contributions and achievements of all cultural groups, acknowledging their unique heritage and talents."
多元文化 Multiculturalism,10-8,Multilingualism in multicultural societies can bridge communication gaps and facilitate intercultural understanding.
多元文化 Multiculturalism,10-9,Multicultural policies and initiatives are essential for promoting equal opportunities and social integration for all members of society.
多元文化 Multiculturalism,10-10,"The promotion of multiculturalism helps combat discrimination and promotes social justice, ensuring that no group feels marginalized or excluded."
多元文化 Multiculturalism,10-11,Multiculturalism encourages individuals to value their own cultural identity while also embracing and respecting others' identities.
多元文化 Multiculturalism,10-12,The celebration of multicultural festivals and events fosters a sense of unity and shared values among diverse communities.
多元文化 Multiculturalism,10-13,"Multiculturalism enriches the arts, literature, and cuisine, offering a diverse range of cultural expressions for people to enjoy and learn from."
多元文化 Multiculturalism,10-14,"Cultivating intercultural competence is essential in multicultural societies, enabling effective communication and cooperation between individuals from different backgrounds."
多元文化 Multiculturalism,10-15,"Multicultural societies can become more resilient and adaptable in a globalized world, drawing on the strengths and knowledge of various cultures."
多元文化 Multiculturalism,10-16,"Immigrants and refugees can find a sense of belonging and support in multicultural societies, easing their integration into the new environment."
多元文化 Multiculturalism,10-17,Encouraging multicultural dialogue helps address misconceptions and promotes a more nuanced understanding of cultural differences.
多元文化 Multiculturalism,10-18,Public policies that uphold multiculturalism ensure that individuals have equal access to opportunities and services regardless of their cultural background.
多元文化 Multiculturalism,10-19,"Embracing multiculturalism encourages global citizenship, fostering a sense of responsibility and solidarity towards people from different nations and cultures."
多元文化 Multiculturalism,10-20,"Multiculturalism challenges monocultural narratives and historical perspectives, promoting a more accurate and inclusive understanding of the past."
多元文化 Multiculturalism,10-21,Multiculturalism in educational institutions prepares students for the diverse and interconnected world they will encounter in their future careers.
多元文化 Multiculturalism,10-22,"Multicultural workplaces can lead to increased creativity and problem-solving abilities, as diverse perspectives contribute to more comprehensive solutions."
多元文化 Multiculturalism,10-23,Interfaith dialogue and understanding in multicultural societies promote peaceful coexistence and religious freedom.
多元文化 Multiculturalism,10-24,"Multiculturalism enhances cultural diplomacy and international relations, promoting cooperation and mutual understanding between countries."
多元文化 Multiculturalism,10-25,"Multiculturalism is an ongoing journey towards inclusivity and social harmony, requiring continuous efforts from individuals, communities, and policymakers."
品德教育Morality (Moral Education),11-1,Morality refers to a set of principles and values that guide individuals in distinguishing right from wrong and making ethical decisions.
品德教育Morality (Moral Education),11-2,"Moral education plays a vital role in shaping individuals' character and fostering a sense of empathy, compassion, and responsibility."
品德教育Morality (Moral Education),11-3,Teaching moral values in educational settings contributes to the development of well-rounded individuals who can contribute positively to society.
品德教育Morality (Moral Education),11-4,Moral reasoning allows individuals to critically assess ethical dilemmas and make principled decisions based on their moral compass.
品德教育Morality (Moral Education),11-5,A strong moral foundation helps individuals navigate challenges and maintain integrity in the face of adversity.
品德教育Morality (Moral Education),11-6,Moral education promotes the understanding of universal ethical principles while respecting cultural diversity and differences.
品德教育Morality (Moral Education),11-7,"Moral courage empowers individuals to stand up for their beliefs and act ethically, even in the face of social pressure."
品德教育Morality (Moral Education),11-8,Cultivating moral awareness enables individuals to consider the broader impact of their actions on others and the environment.
品德教育Morality (Moral Education),11-9,"Ethical leadership, instilled through moral education, is crucial for promoting integrity and trust in various fields, including politics and business."
品德教育Morality (Moral Education),11-10,Moral reasoning involves balancing individual rights with the greater good and considering the consequences of one's actions.
品德教育Morality (Moral Education),11-11,Schools and families play essential roles in providing a moral education that complements academic learning.
品德教育Morality (Moral Education),11-12,"Moral education should incorporate discussions on ethical issues, encouraging students to engage in meaningful debates and critical thinking."
品德教育Morality (Moral Education),11-13,The concept of moral relativism acknowledges diverse perspectives on morality while upholding the importance of core ethical principles.
品德教育Morality (Moral Education),11-14,Promoting moral reasoning and empathy can lead to reduced aggression and conflict resolution in interpersonal relationships.
品德教育Morality (Moral Education),11-15,"Moral education can help combat intolerance and discrimination, fostering a more inclusive and harmonious society."
品德教育Morality (Moral Education),11-16,Teaching moral values from an early age helps children develop a strong moral compass and make positive choices as they grow.
品德教育Morality (Moral Education),11-17,"Moral education in workplaces fosters ethical decision-making, enhancing organizational integrity and reputation."
品德教育Morality (Moral Education),11-18,Moral education is not limited to specific religious or philosophical beliefs but can draw upon diverse ethical traditions.
品德教育Morality (Moral Education),11-19,Ethical dilemmas in emerging technologies highlight the importance of integrating moral education in fields like artificial intelligence and biotechnology.
品德教育Morality (Moral Education),11-20,"Moral education can contribute to a sense of global citizenship, promoting responsibility towards others beyond national borders."
品德教育Morality (Moral Education),11-21,"Moral resilience enables individuals to learn from mistakes, grow, and uphold ethical values in challenging circumstances."
品德教育Morality (Moral Education),11-22,Ethical considerations in scientific research and technology development underscore the need for a strong foundation in moral education.
品德教育Morality (Moral Education),11-23,"Moral education goes beyond rule-based learning and emphasizes the development of virtues such as honesty, kindness, and integrity."
品德教育Morality (Moral Education),11-24,Encouraging open dialogues about moral issues allows individuals to understand diverse viewpoints and strengthen their own moral reasoning.
品德教育Morality (Moral Education),11-25,"By cultivating moral character, individuals can contribute to a more just and compassionate society, making positive impacts on the world around them."
生命教育 Life Education,12-1,"Life is a journey of experiences, growth, and self-discovery, offering countless opportunities for learning and personal development."
生命教育 Life Education,12-2,"Life education encompasses a holistic approach to learning, focusing not only on academics but also on emotional, social, and practical skills."
生命教育 Life Education,12-3,Understanding the value of life and appreciating its impermanence can lead to a greater sense of gratitude and purpose.
生命教育 Life Education,12-4,"Life education encourages individuals to explore their passions and interests, fostering a sense of fulfillment and well-being."
生命教育 Life Education,12-5,"Self-awareness is a fundamental aspect of life education, allowing individuals to understand their strengths, weaknesses, and aspirations."
生命教育 Life Education,12-6,Life education empowers individuals to navigate life's challenges and make informed decisions that align with their values and goals.
生命教育 Life Education,12-7,"Learning to cope with setbacks and failures is an essential part of life education, promoting resilience and personal growth."
生命教育 Life Education,12-8,"Life education should embrace a lifelong learning mindset, encouraging continuous curiosity and intellectual growth."
生命教育 Life Education,12-9,"Developing emotional intelligence is critical in life education, as it enhances interpersonal relationships and emotional well-being."
生命教育 Life Education,12-10,Life education can help individuals discover their purpose and find meaning in their daily lives.
生命教育 Life Education,12-11,"Financial literacy is an important component of life education, enabling individuals to make informed financial decisions and achieve financial security."
生命教育 Life Education,12-12,"Life education encourages individuals to be proactive in managing their physical and mental health, fostering overall well-being."
生命教育 Life Education,12-13,"Cultivating a sense of empathy and compassion is central to life education, promoting a more connected and compassionate society."
生命教育 Life Education,12-14,"Life education should include discussions about ethical dilemmas, guiding individuals in making principled decisions."
生命教育 Life Education,12-15,"Reflection and introspection are integral to life education, facilitating personal growth and self-improvement."
生命教育 Life Education,12-16,Life education emphasizes the importance of time management and prioritization to lead a balanced and fulfilling life.
生命教育 Life Education,12-17,"Goal-setting is a key aspect of life education, helping individuals work towards their dreams and aspirations."
生命教育 Life Education,12-18,"Lifelong learning through various experiences, such as travel and cultural immersion, enriches life education."
生命教育 Life Education,12-19,"Life education should celebrate diversity and inclusivity, fostering a sense of belonging and acceptance among individuals."
生命教育 Life Education,12-20,Understanding the interconnectedness of all living beings and the environment is an important lesson in life education.
生命教育 Life Education,12-21,"Life education enables individuals to develop effective communication skills, enhancing their ability to express themselves and connect with others."
生命教育 Life Education,12-22,"The pursuit of knowledge and wisdom is a lifelong journey in life education, encouraging intellectual curiosity and open-mindedness."
生命教育 Life Education,12-23,"Life education promotes self-reflection and mindfulness, allowing individuals to be present and appreciate each moment."
生命教育 Life Education,12-24,"Nurturing positive mental attitudes, such as gratitude and optimism, is vital in life education for mental well-being."
生命教育 Life Education,12-25,"Life education is a continuous process that prepares individuals to embrace change, adapt to new circumstances, and thrive in various stages of life."
法治教育 the Rule of Law,13-1,"The rule of law is a fundamental principle that ensures all individuals, including those in positions of power, are subject to and accountable to the law."
法治教育 the Rule of Law,13-2,"Upholding the rule of law is essential for maintaining order, stability, and justice in a democratic society."
法治教育 the Rule of Law,13-3,"The rule of law protects citizens' rights and freedoms, providing a legal framework to safeguard their interests."
法治教育 the Rule of Law,13-4,"Independent and impartial courts are crucial components of the rule of law, ensuring fair and equitable administration of justice."
法治教育 the Rule of Law,13-5,The rule of law fosters confidence in the legal system and encourages citizens' trust in the government and institutions.
法治教育 the Rule of Law,13-6,Respect for the rule of law is a key indicator of a country's commitment to democracy and the protection of human rights.
法治教育 the Rule of Law,13-7,"The rule of law promotes transparency and accountability in governance, reducing corruption and abuse of power."
法治教育 the Rule of Law,13-8,"Equal treatment under the law is a fundamental principle of the rule of law, ensuring that no one is above or below the law."
法治教育 the Rule of Law,13-9,Legal certainty provided by the rule of law creates a conducive environment for economic growth and investment.
法治教育 the Rule of Law,13-10,"The rule of law serves as a check on government actions, preventing arbitrary decision-making and safeguarding the separation of powers."
法治教育 the Rule of Law,13-11,A strong rule of law helps resolve disputes peacefully and minimizes the potential for conflict within society.
法治教育 the Rule of Law,13-12,Respect for property rights and contract enforcement are crucial elements of the rule of law that support economic development.
法治教育 the Rule of Law,13-13,"Independent legal professionals, such as judges and lawyers, play a critical role in upholding the rule of law."
法治教育 the Rule of Law,13-14,"Promoting the rule of law is vital in post-conflict and transitional societies, fostering reconciliation and stability."
法治教育 the Rule of Law,13-15,A robust legal system and adherence to the rule of law contribute to social cohesion and a sense of fairness in society.
法治教育 the Rule of Law,13-16,Upholding the rule of law protects vulnerable populations and ensures that their rights are not overlooked or violated.
法治教育 the Rule of Law,13-17,"The rule of law encourages a culture of compliance with laws, reinforcing societal norms and values."
法治教育 the Rule of Law,13-18,Effective legal mechanisms for redress and protection are essential components of the rule of law.
法治教育 the Rule of Law,13-19,Balancing the need for security and the protection of civil liberties is an ongoing challenge in maintaining the rule of law.
法治教育 the Rule of Law,13-20,Public education and awareness about the rule of law are vital in promoting a legal culture and civic engagement.
法治教育 the Rule of Law,13-21,"International law and treaties provide a framework for upholding the rule of law at a global level, fostering cooperation between nations."
法治教育 the Rule of Law,13-22,"The rule of law underpins a stable and predictable legal environment, promoting long-term investments and economic growth."
法治教育 the Rule of Law,13-23,Maintaining an impartial and accountable law enforcement system is crucial in upholding the rule of law.
法治教育 the Rule of Law,13-24,A commitment to the rule of law strengthens the legitimacy of government actions and policies.
法治教育 the Rule of Law,13-25,"Upholding the rule of law requires a collective effort from citizens, governments, and institutions to protect and promote justice and equality for all."
安全教育Security Education,14-1,"Security education is a crucial aspect of personal and societal well-being, as it empowers individuals to protect themselves, their communities, and their information from potential threats."
安全教育Security Education,14-2,Security education equips individuals with the knowledge and skills to recognize and respond to various security risks and challenges.
安全教育Security Education,14-3,"In the digital age, cybersecurity education is essential to protect personal data and sensitive information from cyber threats."
安全教育Security Education,14-4,"Security education fosters a culture of vigilance, encouraging individuals to be proactive in safeguarding their surroundings and belongings."
安全教育Security Education,14-5,Teaching emergency preparedness and response in schools and workplaces is a vital component of security education.
安全教育Security Education,14-6,"Security education promotes risk assessment and risk management practices, minimizing vulnerabilities in various settings."
安全教育Security Education,14-7,Raising awareness about physical security measures can enhance public safety and prevent criminal activities.
安全教育Security Education,14-8,Training employees in security protocols and best practices can significantly strengthen an organization's defense against security breaches.
安全教育Security Education,14-9,"Security education plays a role in countering identity theft and fraud, helping individuals recognize and report suspicious activities."
安全教育Security Education,14-10,"For children and young adults, safety education empowers them to make informed decisions and protect themselves from potential dangers."
安全教育Security Education,14-11,Security education emphasizes the importance of reporting suspicious behavior and cooperating with law enforcement when necessary.
安全教育Security Education,14-12,"In a rapidly changing world, security education must adapt to new threats, such as cyberattacks and digital fraud."
安全教育Security Education,14-13,Promoting a culture of security consciousness leads to a more resilient and prepared society in the face of natural disasters and emergencies.
安全教育Security Education,14-14,"Security education encourages citizens to play an active role in community safety, working together to create a secure environment."
安全教育Security Education,14-15,Cybersecurity education is vital for businesses and organizations to protect sensitive data and maintain their reputation.
安全教育Security Education,14-16,"Security education helps individuals understand the consequences of their actions, promoting responsible behavior in various contexts."
安全教育Security Education,14-17,"Emergency response training, including first aid and evacuation procedures, is an integral part of security education."
安全教育Security Education,14-18,Personal security education empowers individuals to recognize potential threats and avoid risky situations.
安全教育Security Education,14-19,"Security education is a continuous process, requiring regular updates and refreshers to remain effective in addressing evolving security challenges."
安全教育Security Education,14-20,Building a security-conscious workforce enhances the protection of intellectual property and trade secrets in businesses.
安全教育Security Education,14-21,Security education should address both physical and digital security aspects to create comprehensive safety awareness.
安全教育Security Education,14-22,Developing strong passwords and understanding online privacy are essential components of cybersecurity education.
安全教育Security Education,14-23,"Security education fosters a sense of empowerment, reducing fear and anxiety related to security concerns."
安全教育Security Education,14-24,Public campaigns and outreach programs can raise awareness about security education and its importance in everyday life.
安全教育Security Education,14-25,"In educational institutions, security education contributes to a safe and conducive learning environment for students and staff."
安全教育Security Education,14-26,"By prioritizing security education, societies can become more resilient, prepared, and equipped to mitigate potential risks and threats effectively."
防災教育 Disaster Prevention,15-1,Disaster prevention is a critical aspect of ensuring the safety and well-being of communities and minimizing the impact of natural or human-induced disasters.
防災教育 Disaster Prevention,15-2,Disaster prevention involves proactively identifying and mitigating potential hazards and risks to reduce the likelihood of disasters.
防災教育 Disaster Prevention,15-3,"Implementing effective disaster prevention measures can save lives, protect property, and preserve the environment."
防災教育 Disaster Prevention,15-4,"Early warning systems are vital in disaster prevention, providing timely alerts to at-risk populations and enabling timely evacuations."
防災教育 Disaster Prevention,15-5,"Disaster prevention strategies should be community-centered, involving local residents in planning and preparedness efforts."
防災教育 Disaster Prevention,15-6,Proper urban planning and building codes are essential components of disaster prevention in vulnerable regions.
防災教育 Disaster Prevention,15-7,Investing in research and technology can lead to innovative solutions for disaster prevention and early detection.
防災教育 Disaster Prevention,15-8,Disaster prevention involves comprehensive risk assessments to identify potential vulnerabilities and develop targeted interventions.
防災教育 Disaster Prevention,15-9,Raising public awareness about disaster risks and prevention measures is crucial in fostering a culture of preparedness.
防災教育 Disaster Prevention,15-10,Community drills and exercises are effective in testing disaster prevention plans and enhancing emergency response capabilities.
防災教育 Disaster Prevention,15-11,"Disaster prevention efforts should focus on vulnerable populations, such as the elderly, children, and individuals with disabilities."
防災教育 Disaster Prevention,15-12,Promoting sustainable land-use practices and protecting natural ecosystems can contribute to disaster prevention.
防災教育 Disaster Prevention,15-13,"Collaborative efforts between governments, non-governmental organizations, and private sectors are essential for effective disaster prevention."
防災教育 Disaster Prevention,15-14,Disaster prevention includes building resilient infrastructure that can withstand natural forces and potential hazards.
防災教育 Disaster Prevention,15-15,"Climate change adaptation is closely linked to disaster prevention, as extreme weather events become more frequent and intense."
防災教育 Disaster Prevention,15-16,Integrating disaster prevention into educational curricula helps instill a sense of responsibility and preparedness in future generations.
防災教育 Disaster Prevention,15-17,"Enhancing early warning communication systems, including mobile alerts, contributes to effective disaster prevention."
防災教育 Disaster Prevention,15-18,Disaster prevention involves continuous monitoring and evaluation to adapt strategies to changing risk factors.
防災教育 Disaster Prevention,15-19,International cooperation and information sharing play a significant role in global disaster prevention efforts.
防災教育 Disaster Prevention,15-20,Investing in disaster prevention yields significant cost savings compared to post-disaster response and recovery.
防災教育 Disaster Prevention,15-21,Disaster prevention should take into account potential cascading effects and secondary hazards that may arise.
防災教育 Disaster Prevention,15-22,"In regions prone to specific types of disasters (e.g., earthquakes, floods, hurricanes), tailored prevention measures are crucial."
防災教育 Disaster Prevention,15-23,"Disaster prevention should address the social, economic, and environmental dimensions of vulnerability."
防災教育 Disaster Prevention,15-24,The private sector can play a significant role in disaster prevention through responsible business practices and risk reduction initiatives.
防災教育 Disaster Prevention,15-25,Promoting a culture of safety and preparedness empowers individuals to take proactive measures in disaster prevention.
防災教育 Disaster Prevention,15-26,"Disaster prevention is a continuous and evolving process, requiring ongoing commitment and investment from all stakeholders."
閱讀素養教育 Literacy Education,16-1,"Literacy education is the key to unlocking opportunities, enabling individuals to access knowledge and participate fully in society."
閱讀素養教育 Literacy Education,16-2,"Promoting literacy education is essential in combating poverty, as it empowers individuals to break the cycle of disadvantage."
閱讀素養教育 Literacy Education,16-3,"Literacy education fosters critical thinking and analytical skills, enhancing individuals' ability to make informed decisions."
閱讀素養教育 Literacy Education,16-4,"Ensuring universal literacy education is a fundamental human right, as declared by the United Nations Educational, Scientific and Cultural Organization (UNESCO)."
閱讀素養教育 Literacy Education,16-5,Literacy education is not limited to reading and writing; it also includes digital literacy skills in the modern age.
閱讀素養教育 Literacy Education,16-6,Early childhood literacy education sets the stage for future academic success and lifelong learning.
閱讀素養教育 Literacy Education,16-7,"Investing in literacy education has a profound impact on economic growth, productivity, and the overall well-being of communities."
閱讀素養教育 Literacy Education,16-8,"Literacy education is a catalyst for social inclusion, reducing inequalities and promoting equal opportunities for all."
閱讀素養教育 Literacy Education,16-9,"Literacy education is a stepping stone to better health outcomes, as it improves individuals' access to health information and resources."
閱讀素養教育 Literacy Education,16-10,"Literacy education plays a critical role in promoting gender equality, empowering women and girls to participate more fully in society."
閱讀素養教育 Literacy Education,16-11,"Literacy education enhances communication skills, enabling individuals to express themselves effectively and engage in meaningful dialogue."
閱讀素養教育 Literacy Education,16-12,"Literacy education builds a foundation for digital inclusion, bridging the digital divide and promoting access to online resources."
閱讀素養教育 Literacy Education,16-13,"Literacy education strengthens democratic participation, as informed citizens are better equipped to engage in civic activities."
閱讀素養教育 Literacy Education,16-14,Literacy education in indigenous communities preserves cultural heritage and empowers individuals to share their stories and traditions.
閱讀素養教育 Literacy Education,16-15,Adult literacy education contributes to lifelong learning and enables individuals to adapt to changing societal and technological demands.
閱讀素養教育 Literacy Education,16-16,"Literacy education fosters empathy and understanding, promoting a more tolerant and cohesive society."
閱讀素養教育 Literacy Education,16-17,Multilingual literacy education celebrates linguistic diversity and promotes the preservation of endangered languages.
閱讀素養教育 Literacy Education,16-18,Family involvement in literacy education supports a positive learning environment and encourages a love for reading from a young age.
閱讀素養教育 Literacy Education,16-19,"Literacy education empowers individuals to access information independently, reducing their vulnerability to misinformation."
閱讀素養教育 Literacy Education,16-20,"Literacy education programs should be inclusive and tailored to meet the diverse needs of learners, considering cultural and linguistic backgrounds."
閱讀素養教育 Literacy Education,16-21,"Literacy education is a powerful tool for addressing social issues, such as reducing crime rates and improving community well-being."
閱讀素養教育 Literacy Education,16-22,"Technology can play a transformative role in literacy education, expanding access to learning resources and personalized learning experiences."
閱讀素養教育 Literacy Education,16-23,Literacy education empowers individuals to participate in the workforce and pursue better employment opportunities.
閱讀素養教育 Literacy Education,16-24,Integrating literacy education into all levels of education enhances the overall quality of learning outcomes.
閱讀素養教育 Literacy Education,16-25,"Literacy education is an investment in the future, as literate individuals contribute to building more resilient and sustainable societies."
戶外教育 Outdoor Education,17-1,"Outdoor education is an experiential learning approach that takes place in natural environments, providing opportunities for personal growth, skill development, and environmental awareness."
戶外教育 Outdoor Education,17-2,"Outdoor education encourages hands-on learning experiences in nature, fostering a deeper connection to the environment."
戶外教育 Outdoor Education,17-3,Participating in outdoor education programs enhances physical fitness and promotes a healthy lifestyle.
戶外教育 Outdoor Education,17-4,"Outdoor education nurtures a sense of adventure and curiosity, encouraging individuals to explore and appreciate the natural world."
戶外教育 Outdoor Education,17-5,"In outdoor education, students learn valuable life skills, such as problem-solving, teamwork, and resilience."
戶外教育 Outdoor Education,17-6,Outdoor education provides an opportunity to disconnect from digital devices and reconnect with the natural world.
戶外教育 Outdoor Education,17-7,"Field trips and outdoor excursions enrich traditional classroom learning, making education more engaging and memorable."
戶外教育 Outdoor Education,17-8,"Environmental stewardship is a central focus of outdoor education, cultivating a sense of responsibility for the planet."
戶外教育 Outdoor Education,17-9,"Outdoor education instills a sense of wonder and appreciation for biodiversity, ecosystems, and natural resources."
戶外教育 Outdoor Education,17-10,"Outdoor education is inclusive and accessible to people of all ages and abilities, promoting equal participation and learning opportunities."
戶外教育 Outdoor Education,17-11,"Outdoor education in early childhood settings enhances cognitive, emotional, and physical development in young learners."
戶外教育 Outdoor Education,17-12,Outdoor education plays a role in fostering environmental literacy and sustainable practices in future generations.
戶外教育 Outdoor Education,17-13,"Outdoor education programs often incorporate activities such as hiking, camping, kayaking, and wildlife observation."
戶外教育 Outdoor Education,17-14,Adventure-based learning in outdoor education helps individuals overcome fears and build self-confidence.
戶外教育 Outdoor Education,17-15,Outdoor education offers a break from routine and provides a refreshing change of pace for students and educators alike.
戶外教育 Outdoor Education,17-16,"Interdisciplinary learning in outdoor education connects different subjects, such as science, history, and art, to real-world experiences."
戶外教育 Outdoor Education,17-17,"Outdoor education encourages students to become active learners, driving their own learning experiences and inquiry."
戶外教育 Outdoor Education,17-18,"Immersive experiences in outdoor education stimulate all the senses, making learning more vivid and multi-dimensional."
戶外教育 Outdoor Education,17-19,Outdoor education can foster a sense of responsibility for conservation and sustainable living practices.
戶外教育 Outdoor Education,17-20,Nature-based therapies and programs in outdoor education have been shown to improve mental health and well-being.
戶外教育 Outdoor Education,17-21,"Outdoor education fosters a sense of community and camaraderie among participants, promoting positive social interactions."
戶外教育 Outdoor Education,17-22,Outdoor education empowers individuals to face challenges and develop problem-solving skills in real-world scenarios.
戶外教育 Outdoor Education,17-23,Outdoor education offers a unique opportunity to learn from natural cycles and ecological patterns.
戶外教育 Outdoor Education,17-24,Learning in natural settings can inspire creativity and innovation in outdoor education participants.
戶外教育 Outdoor Education,17-25,"In outdoor education, individuals gain an understanding of their interconnectedness with the environment and all living beings."
戶外教育 Outdoor Education,17-26,Outdoor education experiences create lasting memories and a sense of appreciation for the beauty and diversity of the natural world.
國際教育 International Education,18-1,"International education refers to the global exchange of knowledge, ideas, and experiences among students, educators, and institutions. It encompasses various educational programs, collaborations, and initiatives that promote cross-cultural understanding and foster global citizenship."
國際教育 International Education,18-2,International education plays a vital role in promoting cultural exchange and building bridges between nations.
國際教育 International Education,18-3,Studying abroad is a transformative experience that broadens students' perspectives and prepares them to be global citizens.
國際教育 International Education,18-4,"International education fosters mutual respect and appreciation for diverse cultures, languages, and traditions."
國際教育 International Education,18-5,Collaborative research and academic partnerships in international education contribute to advancements in various fields of study.
國際教育 International Education,18-6,Language exchange programs in international education facilitate language learning and promote intercultural communication.
國際教育 International Education,18-7,International education prepares individuals to navigate the complexities of a globalized world and address global challenges.
國際教育 International Education,18-8,Learning alongside international peers enhances teamwork and cross-cultural communication skills.
國際教育 International Education,18-9,"Hosting international students enriches the educational experience for local students, promoting cultural diversity in classrooms."
國際教育 International Education,18-10,"International education promotes tolerance and reduces prejudice, fostering a more inclusive and harmonious world."
國際教育 International Education,18-11,Global exchange programs provide opportunities for students to gain intercultural competence and adaptability.
國際教育 International Education,18-12,"International education helps build diplomatic and economic ties between countries, promoting international cooperation."
國際教育 International Education,18-13,Dual-degree programs in international education offer students a diverse range of academic perspectives and qualifications.
國際教育 International Education,18-14,International education enhances academic excellence by integrating global perspectives into the curriculum.
國際教育 International Education,18-15,Virtual exchange programs in international education enable students to connect with peers from around the world in a digital environment.
國際教育 International Education,18-16,Student mobility in international education contributes to the enrichment of the global workforce with diverse skill sets and perspectives.
國際教育 International Education,18-17,International education promotes the appreciation and preservation of world heritage and cultural heritage.
國際教育 International Education,18-18,"Global citizenship education is an integral part of international education, emphasizing ethical responsibility and social justice."
國際教育 International Education,18-19,Study abroad experiences in international education encourage personal growth and self-discovery in students.
國際教育 International Education,18-20,International education fosters a sense of solidarity and cooperation among individuals from different nations and backgrounds.
國際教育 International Education,18-21,"Multiculturalism and diversity are celebrated in international education, creating inclusive and welcoming learning environments."
國際教育 International Education,18-22,Hosting international conferences and seminars in educational institutions fosters knowledge sharing and cross-cultural dialogue.
國際教育 International Education,18-23,International education promotes sustainable development and the United Nations' Sustainable Development Goals (SDGs).
國際教育 International Education,18-24,Experiencing different educational systems through international education can inspire educational reform and innovation.
國際教育 International Education,18-25,Immersion in foreign cultures and societies through international education encourages open-mindedness and empathy.
國際教育 International Education,18-26,"International education contributes to a more interconnected world, where collaboration and understanding transcend borders."